Profit,VaR,Id1,K1,Id2,K2,Id3,K3,Id4,K4,Id5,K5,Id6,K6,Id7,K7,Id8,K8,Id9,K9,Id10,K10
0.0221712,0.002,000068,0.08,600220,0.08,000968,0.04,600256,0.56,000617,0.04,600110,0.04,600331,0.04,000875,0.04,000767,0.04,600602,0.04
0.03,0.00225388,000068,0.16,600220,0.08,000968,0.04,600256,0.48,000617,0.04,600110,0.04,600331,0.04,000875,0.04,000767,0.04,600602,0.04